{
  "sphere-left": {
    "position": [-3, 0, 0],
    "rotation": [0, 0, 0],
    "scale": [1, 1, 1]
  },
  "sphere-center": {
    "position": [0, 0, 5.25230522679054],
    "rotation": [0, 0, 0],
    "scale": [1, 1, 1]
  },
  "sphere-right": {
    "position": [1.0107853246264493, 0, 0],
    "rotation": [0, 0, 1.1100000000000005],
    "scale": [1, 2.9399999999999986, 7.699999999999989]
  }
}
